{"cameraMode":{"drawMode":0,"name":"Shaded","section":"Shading Mode"},"sceneLighting":false,"audioPlay":false,"sceneViewState":{"m_AlwaysRefresh":false,"showFog":true,"showSkybox":true,"showFlares":true,"showImageEffects":true,"showParticleSystems":true,"showVisualEffectGraphs":true,"m_FxEnabled":true},"in2DMode":false,"pivot":{"x":-0.449192613363266,"y":15.06786823272705,"z":6.612176418304443},"rotation":{"x":0.10065407305955887,"y":-0.0076551237143576149,"z":0.0006882184534333646,"w":0.9950737357139587},"size":63.21217346191406,"orthographic":false}